Date,Content,Video title,Video publish time,Duration,Views
2025-02-25,7NIniB-5r8U,Tech Tinkering 01 - Welcome!,Oct 3, 2024,656,0
2025-02-26,7NIniB-5r8U,Tech Tinkering 01 - Welcome!,Oct 3, 2024,656,0
2025-02-27,7NIniB-5r8U,Tech Tinkering 01 - Welcome!,Oct 3, 2024,656,1
2025-02-25,RcNPQLM8jQQ,Leaked Keys and Vibe Coding - AI have a problem Miniseries Episode One,Feb 4, 2026,306,5
2025-02-26,RcNPQLM8jQQ,Leaked Keys and Vibe Coding - AI have a problem Miniseries Episode One,Feb 4, 2026,306,3
2025-02-27,RcNPQLM8jQQ,Leaked Keys and Vibe Coding - AI have a problem Miniseries Episode One,Feb 4, 2026,306,2
2025-02-25,def456,Tech Tinkering 02 - Remarkable Paper Pro Unboxing,Oct 3, 2024,1702,2
2025-02-26,def456,Tech Tinkering 02 - Remarkable Paper Pro Unboxing,Oct 3, 2024,1702,0
2025-02-27,def456,Tech Tinkering 02 - Remarkable Paper Pro Unboxing,Oct 3, 2024,1702,1
